name,position,score,prediction
5QIO_A,8,0.290717750787735,0
5QIO_A,46,0.8450765013694763,1
5QIO_A,159,0.06448601186275482,0
5QIO_A,170,0.17679916322231293,0
